arm,seed,run_dir,best_epoch,test_macro_mae,test_macro_skill,test_pearson_r,test_global_mae,test_ccc,test_skill_vs_val_constant,val_constant,test_mae_val_constant,test_mae_oracle_constant,constant,winval_macro_skill
cfc,0,runs_val/runs_fleet/cfc_s0_T16_lr0.001_k0.1_aug-full,18,16.48404827814551,-0.23037787803057652,0.20696065536460231,13.105387426997003,0.2053462374367949,-0.2757535452398927,1.8200000524520874,12.921028783067854,12.722514843311288,False,0.1664181076658665
cfc,1,runs_val/runs_fleet/cfc_s1_T16_lr0.001_k0.1_aug-full,2,12.911823502705074,0.03625482437916938,-0.007357954140964876,7.882997136096833,-5.028392663234663e-06,0.0007124262717255192,1.8200000524520874,12.921028783067854,12.722514843311288,False,0.011238144364272729
cfc,2,runs_val/runs_fleet/cfc_s2_T16_lr0.001_k0.1_aug-full,15,15.562137186536242,-0.16156595795564477,0.19502170241859268,12.425095854299363,0.19400471733027705,-0.20440387896429613,1.8200000524520874,12.921028783067854,12.722514843311288,False,0.11684908418199569
cfc,3,runs_val/runs_fleet/cfc_s3_T16_lr0.001_k0.1_aug-full,0,12.819981719305877,0.043109942531368906,0.14284404662157646,7.823004038511102,0.017480667943436345,0.007820357454384141,1.8200000524520874,12.921028783067854,12.722514843311288,False,0.02162405990659877
cfc,4,runs_val/runs_fleet/cfc_s4_T16_lr0.001_k0.1_aug-full,14,12.951516700721617,0.03329210357638024,nan,7.895508762059139,0.0,-0.0023595580634969693,1.8200000524520874,12.921028783067854,12.722514843311288,True,0.011200198508198644
cfc,5,runs_val/runs_fleet/cfc_s5_T16_lr0.001_k0.1_aug-full,4,12.927187540814963,0.035108044638619385,0.14204561969423019,8.914866954599578,0.10674276108262908,-0.00047664608217412585,1.8200000524520874,12.921028783067854,12.722514843311288,False,0.06014564210679274
cfc,6,runs_val/runs_fleet/cfc_s6_T16_lr0.001_k0.1_aug-full,6,15.358699242639323,-0.14638124474083036,0.15160691390406447,12.348634570931539,0.14999800470890703,-0.18865916178175168,1.8200000524520874,12.921028783067854,12.722514843311288,False,0.06375490597958189
cfc,7,runs_val/runs_fleet/cfc_s7_T16_lr0.001_k0.1_aug-full,0,14.275621257814313,-0.06553974450830702,0.08663431670358163,9.84417966537246,0.039078582845482886,-0.10483627097259962,1.8200000524520874,12.921028783067854,12.722514843311288,False,0.0056464566093288315
cfc,8,runs_val/runs_fleet/cfc_s8_T16_lr0.001_k0.1_aug-full,10,16.228747071680765,-0.21132206410862908,0.17631035740366796,13.097593713652033,0.17586593274943635,-0.2559949632607781,1.8200000524520874,12.921028783067854,12.722514843311288,False,0.049681568342417326
cfc,9,runs_val/runs_fleet/cfc_s9_T16_lr0.001_k0.1_aug-full,2,13.326771932307054,0.005282859259249206,0.02138820709602923,9.51384623289942,0.01553930062080108,-0.03140176808296413,1.8200000524520874,12.921028783067854,12.722514843311288,False,0.037721206103847216
cfc,10,runs_power/cfc_s10_T16_lr0.001_k0.1_aug-full,16,12.910776327440773,0.036332986081797025,0.011789310939665138,7.882392406463623,6.101527550610752e-05,0.0007934705354510907,1.8200000524520874,12.921028783067854,12.722514843311288,False,0.011235188841706045
cfc,11,runs_power/cfc_s11_T16_lr0.001_k0.1_aug-full,0,14.398207589730879,-0.07468965164240715,0.06092407776735343,10.051959991455078,0.029822893315642956,-0.11432362170717925,1.8200000524520874,12.921028783067854,12.722514843311288,False,-0.0007847903146298574
cfc,12,runs_power/cfc_s12_T16_lr0.001_k0.1_aug-full,2,15.170520777549195,-0.13233550690617446,0.06896253322676245,11.586431503295898,0.05878316702775095,-0.17409542477214734,1.8200000524520874,12.921028783067854,12.722514843311288,False,0.0055064105820555875
cfc,13,runs_power/cfc_s13_T16_lr0.001_k0.1_aug-full,13,14.245526607411408,-0.06329346425736349,0.10721966922186238,10.227225303649902,0.09499293387749311,-0.10250714912726,1.8200000524520874,12.921028783067854,12.722514843311288,False,0.018590250654772933
cfc,14,runs_power/cfc_s14_T16_lr0.001_k0.1_aug-full,6,12.92134058808027,0.03554446421087909,-0.00997740943271273,7.885629653930664,-6.620810380919064e-05,-2.413159336223103e-05,1.8200000524520874,12.921028783067854,12.722514843311288,False,0.011262260648187028
cfc,15,runs_power/cfc_s15_T16_lr0.001_k0.1_aug-full,19,12.912020095909776,0.036240150560823636,-0.014045283912561159,7.883200168609619,-1.265548188045843e-05,0.0006972112909370276,1.8200000524520874,12.921028783067854,12.722514843311288,False,0.01123661626848349
cfc,16,runs_power/cfc_s16_T16_lr0.001_k0.1_aug-full,1,13.423076546423971,-0.0019053668829189796,0.03301031031313428,9.963180541992188,0.027220194005172237,-0.038855092097156874,1.8200000524520874,12.921028783067854,12.722514843311288,False,0.029431617191784
cfc,17,runs_power/cfc_s17_T16_lr0.001_k0.1_aug-full,0,13.131509211558326,0.019857369595512653,0.028620297487042468,8.8333158493042,0.013208265819879553,-0.01628975772937613,1.8200000524520874,12.921028783067854,12.722514843311288,False,0.02509258771306544
cfc,18,runs_power/cfc_s18_T16_lr0.001_k0.1_aug-full,5,12.920377949519107,0.035616316050318564,-0.012090016396432047,7.885534763336182,-8.389659066076644e-05,5.037010285124932e-05,1.8200000524520874,12.921028783067854,12.722514843311288,False,0.01125892808796991
cfc,19,runs_power/cfc_s19_T16_lr0.001_k0.1_aug-full,7,13.994080195240647,-0.044525374172646126,0.07611911809801569,10.000090599060059,0.05802711599483971,-0.08304690208406273,1.8200000524520874,12.921028783067854,12.722514843311288,False,0.021571187558741545
cfc,20,runs_power/cfc_s20_T16_lr0.001_k0.1_aug-full,0,13.9916223980975,-0.04434192292434913,-0.03449411619595902,9.127488136291504,-0.012033524319425391,-0.08285668525346734,1.8200000524520874,12.921028783067854,12.722514843311288,False,0.012406572945927175
cfc,21,runs_power/cfc_s21_T16_lr0.001_k0.1_aug-full,14,12.941783052709562,0.034018628091747494,0.013246692392886197,7.89163875579834,2.3992819654447735e-05,-0.001606239719000202,1.8200000524520874,12.921028783067854,12.722514843311288,False,0.011230641980714329
cfc,22,runs_power/cfc_s22_T16_lr0.001_k0.1_aug-full,0,13.274544483361526,0.009181143025728145,0.12217394702363034,8.199813842773438,0.010774771392309025,-0.0273597177305982,1.8200000524520874,12.921028783067854,12.722514843311288,False,0.014204115225041614
cfc,23,runs_power/cfc_s23_T16_lr0.001_k0.1_aug-full,1,13.54927610217805,-0.011324966910599255,0.04886640481518796,9.762999534606934,0.037308812287070656,-0.048622081852605525,1.8200000524520874,12.921028783067854,12.722514843311288,False,-0.011732340734367686
cfc,24,runs_power/cfc_s24_T16_lr0.001_k0.1_aug-full,22,14.523872873460343,-0.08406937333020137,0.2225307532335497,11.605676651000977,0.2202591766901943,-0.1240492624312477,1.8200000524520874,12.921028783067854,12.722514843311288,False,0.05477780240986552
cfc,25,runs_power/cfc_s25_T16_lr0.001_k0.1_aug-full,0,13.429933809558703,-0.00241719654529593,0.0747120366869668,8.56729507446289,0.02454377680491367,-0.03938579775921047,1.8200000524520874,12.921028783067854,12.722514843311288,False,0.04214667853045506
cfc,26,runs_power/cfc_s26_T16_lr0.001_k0.1_aug-full,2,13.421928191201117,-0.0018196530559220214,0.13627370188135865,9.9178466796875,0.11264193125680727,-0.038766217190821406,1.8200000524520874,12.921028783067854,12.722514843311288,False,0.03863171343543814
cfc,27,runs_power/cfc_s27_T16_lr0.001_k0.1_aug-full,3,13.716515095479693,-0.023807771755040896,0.0784128788567623,9.967194557189941,0.06476729201893905,-0.061565245753052666,1.8200000524520874,12.921028783067854,12.722514843311288,False,0.019409908997475078
cfc,28,runs_power/cfc_s28_T16_lr0.001_k0.1_aug-full,3,14.585404033774068,-0.08866209091887356,0.08749537562941283,11.65931510925293,0.08325598459801146,-0.12881135694761925,1.8200000524520874,12.921028783067854,12.722514843311288,False,-0.004935376705717864
cfc,29,runs_power/cfc_s29_T16_lr0.001_k0.1_aug-full,23,16.685119071667973,-0.24538590591873088,0.04272783281537786,13.589864730834961,0.04268425245805894,-0.2913150610369901,1.8200000524520874,12.921028783067854,12.722514843311288,False,0.151210884464129
cfc,30,runs_power/cfc_s30_T16_lr0.001_k0.1_aug-full,3,13.796608646243662,-0.02978599575500085,0.011535983369123431,9.240800857543945,0.005192915199118803,-0.06776394340388725,1.8200000524520874,12.921028783067854,12.722514843311288,False,0.028636659324439817
cfc,31,runs_power/cfc_s31_T16_lr0.001_k0.1_aug-full,2,13.206891106894497,0.014230825990407592,-0.012325539997042289,8.215239524841309,-0.002069669471632598,-0.02212380520359547,1.8200000524520874,12.921028783067854,12.722514843311288,False,0.023847444053324063
cfc,32,runs_power/cfc_s32_T16_lr0.001_k0.1_aug-full,0,12.681831917196732,0.053421515119684404,0.24428587738319335,7.987860202789307,0.06359573132135118,0.01851221523355584,1.8200000524520874,12.921028783067854,12.722514843311288,False,0.03781374310749697
cfc,33,runs_power/cfc_s33_T16_lr0.001_k0.1_aug-full,9,15.683006632134806,-0.17058771580814147,0.03513806287971485,11.692371368408203,0.031899247609704584,-0.2137583543414392,1.8200000524520874,12.921028783067854,12.722514843311288,False,0.02649845375651938
cfc,34,runs_power/cfc_s34_T16_lr0.001_k0.1_aug-full,2,13.647934857908607,-0.01868890739880058,0.07680281149190024,9.78097152709961,0.0567853411439418,-0.05625760046238071,1.8200000524520874,12.921028783067854,12.722514843311288,False,-0.005254007901925872
lstm,0,runs_val/runs_fleet/lstm_s0_T16_lr0.001_k0.1_aug-full,3,12.96696774728584,0.032138829479856024,0.24133277008079734,9.925829014647654,0.21256177393087825,-0.0035553642816883446,1.8200000524520874,12.921028783067854,12.722514843311288,False,-0.022337845027823544
lstm,1,runs_val/runs_fleet/lstm_s1_T16_lr0.001_k0.1_aug-full,7,12.880066321974622,0.0386251967525123,0.006536732373784309,7.878974006337306,6.267234961026176e-06,0.0031702166894721495,1.8200000524520874,12.921028783067854,12.722514843311288,False,0.010960942300026866
lstm,2,runs_val/runs_fleet/lstm_s2_T16_lr0.001_k0.1_aug-full,2,12.899168428409999,0.03719940566131341,0.0008497329794958524,7.8806353645508125,8.14578156526006e-07,0.001691843198004639,1.8200000524520874,12.921028783067854,12.722514843311288,False,0.011030134265733404
lstm,3,runs_val/runs_fleet/lstm_s3_T16_lr0.001_k0.1_aug-full,11,12.991605688624963,0.030299840812001766,0.003811319575526495,7.913551052959118,7.596269916555991e-07,-0.005462173851790819,1.8200000524520874,12.921028783067854,12.722514843311288,False,0.010810073027408551
lstm,4,runs_val/runs_fleet/lstm_s4_T16_lr0.001_k0.1_aug-full,6,13.62683196751127,-0.017113776759210664,0.06802162893375667,10.125349295180998,0.056392060268775746,-0.054624379861170524,1.8200000524520874,12.921028783067854,12.722514843311288,False,0.06459202501873051
lstm,5,runs_val/runs_fleet/lstm_s5_T16_lr0.001_k0.1_aug-full,7,12.920085195280196,0.03563816737792802,-0.0008499480155184409,7.884918908442948,-4.858316643979711e-07,7.302729554281573e-05,1.8200000524520874,12.921028783067854,12.722514843311288,False,0.011205465351683874
lstm,6,runs_val/runs_fleet/lstm_s6_T16_lr0.001_k0.1_aug-full,9,12.966334757783647,0.03218607614325952,-0.0009162437281342193,7.9016031960340944,-3.918251898745922e-07,-0.0035063751870256787,1.8200000524520874,12.921028783067854,12.722514843311288,False,0.01114735977605541
lstm,7,runs_val/runs_fleet/lstm_s7_T16_lr0.001_k0.1_aug-full,11,13.117566231656227,0.02089808081741018,0.005251162892876352,7.9892517414734385,5.435038632329892e-07,-0.015210665643429433,1.8200000524520874,12.921028783067854,12.722514843311288,False,0.008028447039555742
lstm,8,runs_val/runs_fleet/lstm_s8_T16_lr0.001_k0.1_aug-full,3,15.710302262550053,-0.17262507576142094,0.08920966382565024,12.468240568819517,0.07666515683369297,-0.21587085102212256,1.8200000524520874,12.921028783067854,12.722514843311288,False,0.038175432597952086
lstm,9,runs_val/runs_fleet/lstm_s9_T16_lr0.001_k0.1_aug-full,2,14.46781828716116,-0.0798854300548042,-0.0209287449585456,10.468845359031636,-0.01494772257997165,-0.11971101760258218,1.8200000524520874,12.921028783067854,12.722514843311288,False,0.01653005312337963
lstm,10,runs_power/lstm_s10_T16_lr0.001_k0.1_aug-full,7,12.929479223743547,0.034936992241100695,-0.0010778556136859525,7.947490215301514,-0.00010726064754812252,-0.0006540067991154253,1.8200000524520874,12.921028783067854,12.722514843311288,False,0.014098852671331819
lstm,11,runs_power/lstm_s11_T16_lr0.001_k0.1_aug-full,5,16.785786702299607,-0.2528997898671981,-0.08546819494187764,13.330592155456543,-0.0832570517180636,-0.29910605294032466,1.8200000524520874,12.921028783067854,12.722514843311288,False,0.01641297395808794
lstm,12,runs_power/lstm_s12_T16_lr0.001_k0.1_aug-full,9,15.337359775230787,-0.14478845587092493,-0.037844700050263705,12.617513656616211,-0.035986769295731226,-0.18700763172429236,1.8200000524520874,12.921028783067854,12.722514843311288,False,0.058257537273835425
lstm,13,runs_power/lstm_s13_T16_lr0.001_k0.1_aug-full,2,14.517116186613153,-0.08356505073387743,-0.0679719610215394,9.785012245178223,-0.029886759224512106,-0.12352634069176172,1.8200000524520874,12.921028783067854,12.722514843311288,False,-0.007639505293124849
lstm,14,runs_power/lstm_s14_T16_lr0.001_k0.1_aug-full,3,14.219775465346059,-0.061371385712299054,0.10725249634902895,10.434743881225586,0.08805456563428893,-0.10051418537045032,1.8200000524520874,12.921028783067854,12.722514843311288,False,0.04734064534232163
lstm,15,runs_power/lstm_s15_T16_lr0.001_k0.1_aug-full,0,15.42962264636219,-0.15167500422896185,0.06836991471394327,11.534238815307617,0.04370956413309998,-0.19414815224169168,1.8200000524520874,12.921028783067854,12.722514843311288,False,0.0373092821533606
lstm,16,runs_power/lstm_s16_T16_lr0.001_k0.1_aug-full,6,12.809997598728101,0.043855162448418805,0.000665249931601482,7.895116806030273,3.9286078592584e-07,0.008593060676813313,1.8200000524520874,12.921028783067854,12.722514843311288,False,0.009717665714247481
lstm,17,runs_power/lstm_s17_T16_lr0.001_k0.1_aug-full,1,13.007802418923154,0.029090908496404166,-0.008520982165166337,8.012715339660645,-0.0008594860933826435,-0.006715690933914775,1.8200000524520874,12.921028783067854,12.722514843311288,False,0.018720848653749678
lstm,18,runs_power/lstm_s18_T16_lr0.001_k0.1_aug-full,3,12.910049625006048,0.03638722752689061,0.098925764514241,8.989120483398438,0.06789774550162954,0.0008497123755496494,1.8200000524520874,12.921028783067854,12.722514843311288,False,0.07355033773033948
lstm,19,runs_power/lstm_s19_T16_lr0.001_k0.1_aug-full,13,13.099740264659857,0.0222286202017139,0.016592066665660998,7.977294921875,1.5757344138199199e-06,-0.013831056690020826,1.8200000524520874,12.921028783067854,12.722514843311288,False,0.00853919785842061
lstm,20,runs_power/lstm_s20_T16_lr0.001_k0.1_aug-full,5,14.45949913976792,-0.07926448459626112,0.0732400651651047,11.637693405151367,0.06512718893584354,-0.119067172013124,1.8200000524520874,12.921028783067854,12.722514843311288,False,0.044483512285031224
lstm,21,runs_power/lstm_s21_T16_lr0.001_k0.1_aug-full,4,13.122855976532534,0.02050325152751642,0.055243081724380805,8.529404640197754,0.02051553129550118,-0.015620056022873419,1.8200000524520874,12.921028783067854,12.722514843311288,False,0.01539989220325566
lstm,22,runs_power/lstm_s22_T16_lr0.001_k0.1_aug-full,5,13.112661477327856,0.021264174213945664,-0.011802945015320974,8.946105003356934,-0.005842199702044258,-0.014831070921467626,1.8200000524520874,12.921028783067854,12.722514843311288,False,-0.002000746627691674
lstm,23,runs_power/lstm_s23_T16_lr0.001_k0.1_aug-full,0,13.462627254820822,-0.004857452186893596,0.03500466142448416,9.021393775939941,0.017128503995161363,-0.04191604870215104,1.8200000524520874,12.921028783067854,12.722514843311288,False,-0.010982932980756921
lstm,24,runs_power/lstm_s24_T16_lr0.001_k0.1_aug-full,11,13.08847612115261,0.023069381691393165,-0.020475806623878896,7.970216274261475,-9.155637531515562e-06,-0.012959288373707967,1.8200000524520874,12.921028783067854,12.722514843311288,False,0.008605013547608342
lstm,25,runs_power/lstm_s25_T16_lr0.001_k0.1_aug-full,5,13.33588494330836,0.004602659410943621,-0.1051946720358343,8.166257858276367,-0.0019143691552119604,-0.0321070533318637,1.8200000524520874,12.921028783067854,12.722514843311288,False,0.012774818382324749
lstm,26,runs_power/lstm_s26_T16_lr0.001_k0.1_aug-full,7,12.901542967758024,0.03702216881784959,0.0008498837115354601,7.881010055541992,1.310710389222354e-06,0.0015080699561140776,1.8200000524520874,12.921028783067854,12.722514843311288,False,0.010783256817619047
lstm,27,runs_power/lstm_s27_T16_lr0.001_k0.1_aug-full,3,13.463655371904677,-0.004934191377088615,0.19097303941384466,8.95561695098877,0.06978459094949935,-0.041995617991958945,1.8200000524520874,12.921028783067854,12.722514843311288,False,0.05432614255411172
lstm,28,runs_power/lstm_s28_T16_lr0.001_k0.1_aug-full,10,13.042749223170825,0.026482460976191224,0.03548976117253053,8.723898887634277,0.016575414544863012,-0.009420336580511002,1.8200000524520874,12.921028783067854,12.722514843311288,False,0.01981924561410231
lstm,29,runs_power/lstm_s29_T16_lr0.001_k0.1_aug-full,3,13.619248001844085,-0.01654770564444563,0.026052926432244168,10.192896842956543,0.02143631186189725,-0.05403743235145497,1.8200000524520874,12.921028783067854,12.722514843311288,False,0.0780837675063123
lstm,30,runs_power/lstm_s30_T16_lr0.001_k0.1_aug-full,0,13.370774284391297,0.001998500971027939,0.12568897083430028,8.283205032348633,0.008124221546308593,-0.034807251719213284,1.8200000524520874,12.921028783067854,12.722514843311288,False,0.005176377448673941
lstm,31,runs_power/lstm_s31_T16_lr0.001_k0.1_aug-full,8,12.96481797604396,0.032299289515777097,-0.000728625346450645,7.90094518661499,-6.062001903442012e-07,-0.003388986566881469,1.8200000524520874,12.921028783067854,12.722514843311288,False,0.011109202662962003
lstm,32,runs_power/lstm_s32_T16_lr0.001_k0.1_aug-full,2,13.001068406175293,0.02959353868624226,0.0006942120683175185,7.918363094329834,4.736815590193947e-07,-0.006194524015945557,1.8200000524520874,12.921028783067854,12.722514843311288,False,0.010417346885284173
lstm,33,runs_power/lstm_s33_T16_lr0.001_k0.1_aug-full,5,12.989948403059998,0.030423541462612946,-0.0008479587419356822,7.912690162658691,-1.6858472438439867e-07,-0.005333911188438734,1.8200000524520874,12.921028783067854,12.722514843311288,False,0.010931762197087358
lstm,34,runs_power/lstm_s34_T16_lr0.001_k0.1_aug-full,4,16.11596573549283,-0.20290400692031452,0.11426070494958653,13.08967399597168,0.10461391388060455,-0.24726645270009207,1.8200000524520874,12.921028783067854,12.722514843311288,False,0.02917745753514711
